{
    "bottom_shell_layers": "4",
    "bottom_surface_pattern": "concentric",
    "brim_type": "no_brim",
    "enable_support": "1",
    "extra_perimeters_on_overhangs": "1",
    "from": "User",
    "gap_fill_target": "everywhere",
    "infill_direction": "90",
    "inherits": "0.20mm Standard @BBL X1C",
    "initial_layer_line_width": "0.4",
    "inner_wall_line_width": "0.4",
    "internal_solid_infill_line_width": "0.4",
    "internal_solid_infill_pattern": "alignedrectilinear",
    "ironing_pattern": "concentric",
    "is_custom_defined": "0",
    "line_width": "0.4",
    "name": "PA6GF Perfected",
    "outer_wall_line_width": "0.4",
    "outer_wall_speed": "50",
    "overhang_reverse": "1",
    "overhang_reverse_internal_only": "1",
    "overhang_reverse_threshold": "0%",
    "precise_outer_wall": "1",
    "precise_z_height": "1",
    "print_settings_id": "PA6GF Perfected",
    "reduce_crossing_wall": "1",
    "resolution": "0.001",
    "seam_gap": "6%",
    "slice_closing_radius": "0.001",
    "slow_down_layers": "5",
    "slowdown_for_curled_perimeters": "1",
    "small_area_infill_flow_compensation": "1",
    "solid_infill_direction": "90",
    "sparse_infill_density": "100%",
    "sparse_infill_line_width": "0.4",
    "sparse_infill_pattern": "gyroid",
    "staggered_inner_seams": "1",
    "support_base_pattern": "honeycomb",
    "support_bottom_z_distance": "0.1",
    "support_interface_bottom_layers": "3",
    "support_interface_pattern": "grid",
    "support_interface_speed": "20",
    "support_interface_top_layers": "3",
    "support_line_width": "0.4",
    "support_object_xy_distance": "1.3",
    "support_on_build_plate_only": "1",
    "support_remove_small_overhang": "0",
    "support_style": "organic",
    "support_top_z_distance": "0.1",
    "support_type": "tree(manual)",
    "top_surface_line_width": "0.4",
    "top_surface_pattern": "concentric",
    "top_surface_speed": "50",
    "version": "1.8.0.25",
    "wall_generator": "arachne",
    "wall_loops": "5",
    "wipe_before_external_loop": "1",
    "wipe_on_loops": "1"
}
